id,age,sex,education,handedness,sexual orientation,ethnicity,nationality,other1,other2,other3,other4,other5,browser,version,screenWidth,screenHeight,OS,OS_lang,calibration,ip,completionCode
555df2d0fdf99b1d4685324a,31,female,,right-handed,,1,English,,,,,,Chrome,51,1920,1080,Windows,en-GB,0.81,,mSMFqbReIjPqxer8

type,trialNo,subjectGroup,condition1,title,content,trialText,stimFormat,stim1,stim2,key,ITI,ISI,presTime,random,feedbackIncorrect,feedbackCorrect,button1,button2,keyboard,orderPres,orderFile,timestamp,response,RT,correct
test,1,0,apprentissage,na,na,Watch carefully these two families,.jpg,learn02,na,na,0,na,na,na,na,na,NEXT,na,na,1,1,78644,1,5063,0
test,4,0,apprentissage,na,na,To which family does this character belong?,.jpg,B3,na,1,0,na,na,1,Your answer is wrong,Your answer is correct,FAMILY A, FAMILY B,na,2,4,80045,1,1389,1
test,2,0,apprentissage,na,na,To which family does this character belong?,.jpg,B1,na,1,0,na,na,1,Your answer is wrong,Your answer is correct,FAMILY A, FAMILY B,na,3,2,83339,2,1980,0
test,6,0,apprentissage,na,na,To which family does this character belong?,.jpg,B5,na,1,0,na,na,1,Your answer is wrong,Your answer is correct,FAMILY A, FAMILY B,na,4,6,86038,1,1737,1
test,17,0,apprentissage,na,na,To which family does this character belong?,.jpg,M7,na,2,0,na,na,1,Your answer is wrong,Your answer is correct,FAMILY A, FAMILY B,na,5,17,88197,2,1061,1
test,5,0,apprentissage,na,na,To which family does this character belong?,.jpg,B4,na,1,0,na,na,1,Your answer is wrong,Your answer is correct,FAMILY A, FAMILY B,na,6,5,90052,1,896,1
test,14,0,apprentissage,na,na,To which family does this character belong?,.jpg,M5,na,2,0,na,na,1,Your answer is wrong,Your answer is correct,FAMILY A, FAMILY B,na,7,14,91294,2,657,1
test,16,0,apprentissage,na,na,To which family does this character belong?,.jpg,M6,na,2,0,na,na,1,Your answer is wrong,Your answer is correct,FAMILY A, FAMILY B,na,8,16,93124,2,1257,1
test,18,0,apprentissage,na,na,To which family does this character belong?,.jpg,M8,na,2,0,na,na,1,Your answer is wrong,Your answer is correct,FAMILY A, FAMILY B,na,9,18,94994,2,1228,1
test,11,0,apprentissage,na,na,To which family does this character belong?,.jpg,M2,na,2,0,na,na,1,Your answer is wrong,Your answer is correct,FAMILY A, FAMILY B,na,10,11,96699,2,1125,1
test,15,0,apprentissage,na,na,To which family does this character belong?,.jpg,M5,na,2,0,na,na,1,Your answer is wrong,Your answer is correct,FAMILY A, FAMILY B,na,11,15,98781,2,1227,1
test,13,0,apprentissage,na,na,To which family does this character belong?,.jpg,M4,na,2,0,na,na,1,Your answer is wrong,Your answer is correct,FAMILY A, FAMILY B,na,12,13,100188,2,874,1
test,9,0,apprentissage,na,na,To which family does this character belong?,.jpg,B8,na,1,0,na,na,1,Your answer is wrong,Your answer is correct,FAMILY A, FAMILY B,na,13,9,102004,1,1135,1
test,12,0,apprentissage,na,na,To which family does this character belong?,.jpg,M3,na,2,0,na,na,1,Your answer is wrong,Your answer is correct,FAMILY A, FAMILY B,na,14,12,104036,2,1117,1
test,8,0,apprentissage,na,na,To which family does this character belong?,.jpg,B7,na,1,0,na,na,1,Your answer is wrong,Your answer is correct,FAMILY A, FAMILY B,na,15,8,105971,1,1261,1
test,3,0,apprentissage,na,na,To which family does this character belong?,.jpg,B2,na,1,0,na,na,1,Your answer is wrong,Your answer is correct,FAMILY A, FAMILY B,na,16,3,107745,1,1153,1
test,7,0,apprentissage,na,na,To which family does this character belong?,.jpg,B6,na,1,0,na,na,1,Your answer is wrong,Your answer is correct,FAMILY A, FAMILY B,na,17,7,110060,2,1686,0
test,10,0,apprentissage,na,na,To which family does this character belong?,.jpg,M1,na,2,0,na,na,1,Your answer is wrong,Your answer is correct,FAMILY A, FAMILY B,na,18,10,111641,2,979,1
test,3,2,EXPLIratings,na,na,Your general feelings about this member are:<br><br>Very negatives 1 - 2 - 3 - 4 - 5 - 6 - 7 - 8 - 9 Very positives,.jpg,M3,na,na,0,na,na,5,na,na,na,na,1 2 3 4 5 6 7 8 9,19,173,250586,5,4532,0
test,5,2,EXPLIratings,na,na,Your general feelings about this member are:<br><br>Very negatives 1 - 2 - 3 - 4 - 5 - 6 - 7 - 8 - 9 Very positives,.jpg,M5,na,na,0,na,na,5,na,na,na,na,1 2 3 4 5 6 7 8 9,20,175,256448,5,5847,0
test,8,2,EXPLIratings,na,na,Your general feelings about this member are:<br><br>Very negatives 1 - 2 - 3 - 4 - 5 - 6 - 7 - 8 - 9 Very positives,.jpg,M8,na,na,0,na,na,5,na,na,na,na,1 2 3 4 5 6 7 8 9,21,178,259136,5,2669,0
test,13,2,EXPLIratings,na,na,Your general feelings about this member are:<br><br>Very negatives 1 - 2 - 3 - 4 - 5 - 6 - 7 - 8 - 9 Very positives,.jpg,B5,na,na,0,na,na,5,na,na,na,na,1 2 3 4 5 6 7 8 9,22,183,262003,4,2854,0
test,1,2,EXPLIratings,na,na,Your general feelings about this member are:<br><br>Very negatives 1 - 2 - 3 - 4 - 5 - 6 - 7 - 8 - 9 Very positives,.jpg,M1,na,na,0,na,na,5,na,na,na,na,1 2 3 4 5 6 7 8 9,23,171,264912,6,2887,0
test,16,2,EXPLIratings,na,na,Your general feelings about this member are:<br><br>Very negatives 1 - 2 - 3 - 4 - 5 - 6 - 7 - 8 - 9 Very positives,.jpg,B8,na,na,0,na,na,5,na,na,na,na,1 2 3 4 5 6 7 8 9,24,186,267202,5,2276,0
test,11,2,EXPLIratings,na,na,Your general feelings about this member are:<br><br>Very negatives 1 - 2 - 3 - 4 - 5 - 6 - 7 - 8 - 9 Very positives,.jpg,B3,na,na,0,na,na,5,na,na,na,na,1 2 3 4 5 6 7 8 9,25,181,269129,4,1907,0
test,14,2,EXPLIratings,na,na,Your general feelings about this member are:<br><br>Very negatives 1 - 2 - 3 - 4 - 5 - 6 - 7 - 8 - 9 Very positives,.jpg,B6,na,na,0,na,na,5,na,na,na,na,1 2 3 4 5 6 7 8 9,26,184,270645,6,1501,0
test,10,2,EXPLIratings,na,na,Your general feelings about this member are:<br><br>Very negatives 1 - 2 - 3 - 4 - 5 - 6 - 7 - 8 - 9 Very positives,.jpg,B2,na,na,0,na,na,5,na,na,na,na,1 2 3 4 5 6 7 8 9,27,180,271817,4,1146,0
test,4,2,EXPLIratings,na,na,Your general feelings about this member are:<br><br>Very negatives 1 - 2 - 3 - 4 - 5 - 6 - 7 - 8 - 9 Very positives,.jpg,M4,na,na,0,na,na,5,na,na,na,na,1 2 3 4 5 6 7 8 9,28,174,273071,5,1233,0
test,6,2,EXPLIratings,na,na,Your general feelings about this member are:<br><br>Very negatives 1 - 2 - 3 - 4 - 5 - 6 - 7 - 8 - 9 Very positives,.jpg,M6,na,na,0,na,na,5,na,na,na,na,1 2 3 4 5 6 7 8 9,29,176,274376,5,1276,0
test,7,2,EXPLIratings,na,na,Your general feelings about this member are:<br><br>Very negatives 1 - 2 - 3 - 4 - 5 - 6 - 7 - 8 - 9 Very positives,.jpg,M7,na,na,0,na,na,5,na,na,na,na,1 2 3 4 5 6 7 8 9,30,177,275816,5,1427,0
test,2,2,EXPLIratings,na,na,Your general feelings about this member are:<br><br>Very negatives 1 - 2 - 3 - 4 - 5 - 6 - 7 - 8 - 9 Very positives,.jpg,M2,na,na,0,na,na,5,na,na,na,na,1 2 3 4 5 6 7 8 9,31,172,277866,5,2037,0
test,15,2,EXPLIratings,na,na,Your general feelings about this member are:<br><br>Very negatives 1 - 2 - 3 - 4 - 5 - 6 - 7 - 8 - 9 Very positives,.jpg,B7,na,na,0,na,na,5,na,na,na,na,1 2 3 4 5 6 7 8 9,32,185,278858,4,978,0
test,12,2,EXPLIratings,na,na,Your general feelings about this member are:<br><br>Very negatives 1 - 2 - 3 - 4 - 5 - 6 - 7 - 8 - 9 Very positives,.jpg,B4,na,na,0,na,na,5,na,na,na,na,1 2 3 4 5 6 7 8 9,33,182,280129,4,1256,0
test,9,2,EXPLIratings,na,na,Your general feelings about this member are:<br><br>Very negatives 1 - 2 - 3 - 4 - 5 - 6 - 7 - 8 - 9 Very positives,.jpg,B1,na,na,0,na,na,5,na,na,na,na,1 2 3 4 5 6 7 8 9,34,179,281033,5,890,0
test,6,2,affectiveprimingtaskTraining,na,na,This word is:<br><br>negative "press n" ; positive "press p",.jpg,P9,Accident,na,2000,50,120,66,na,na,na,na,n p ,35,192,300508,n,1817,0
test,1,2,affectiveprimingtaskTraining,na,na,This word is:<br><br>negative "press n" ; positive "press p",.jpg,P9,Achievement,na,2000,50,120,66,na,na,na,na,n p ,36,187,304265,p,1546,0
test,5,2,affectiveprimingtaskTraining,na,na,This word is:<br><br>negative "press n" ; positive "press p",.jpg,P9,Accident,na,2000,50,120,66,na,na,na,na,n p ,37,191,307537,n,1069,0
test,8,2,affectiveprimingtaskTraining,na,na,This word is:<br><br>negative "press n" ; positive "press p",.jpg,P10,Cancer,na,2000,50,120,66,na,na,na,na,n p ,38,194,310753,n,1021,0
test,4,2,affectiveprimingtaskTraining,na,na,This word is:<br><br>negative "press n" ; positive "press p",.jpg,P10,Comfort,na,2000,50,120,66,na,na,na,na,n p ,39,190,313874,p,917,0
test,3,2,affectiveprimingtaskTraining,na,na,This word is:<br><br>negative "press n" ; positive "press p",.jpg,P10,Comfort,na,2000,50,120,66,na,na,na,na,n p ,40,189,316930,p,835,0
test,2,2,affectiveprimingtaskTraining,na,na,This word is:<br><br>negative "press n" ; positive "press p",.jpg,P9,Achievement,na,2000,50,120,66,na,na,na,na,n p ,41,188,320354,p,1227,0
test,7,2,affectiveprimingtaskTraining,na,na,This word is:<br><br>negative "press n" ; positive "press p",.jpg,P10,Cancer,na,2000,50,120,66,na,na,na,na,n p ,42,193,323361,n,787,0
test,8,2,IMPLIratings,na,na,This word is:<br><br>negative "press n" ; positive "press p",.jpg,M8,Violence,na,2000,50,120,67,na,na,na,na,n p ,43,314,328416,n,993,0
test,2,2,IMPLIratings,na,na,This word is:<br><br>negative "press n" ; positive "press p",.jpg,M2,Pain,na,2000,50,120,67,na,na,na,na,n p ,44,244,331385,n,765,0
test,7,2,IMPLIratings,na,na,This word is:<br><br>negative "press n" ; positive "press p",.jpg,M7,Smiling,na,2000,50,120,67,na,na,na,na,n p ,45,265,334553,p,947,0
test,2,2,IMPLIratings,na,na,This word is:<br><br>negative "press n" ; positive "press p",.jpg,M2,Injury,na,2000,50,120,67,na,na,na,na,n p ,46,276,337985,n,1234,0
test,6,2,IMPLIratings,na,na,This word is:<br><br>negative "press n" ; positive "press p",.jpg,B6,Generous,na,2000,50,120,67,na,na,na,na,n p ,47,240,341017,p,850,0
test,4,2,IMPLIratings,na,na,This word is:<br><br>negative "press n" ; positive "press p",.jpg,M4,Pleasure,na,2000,50,120,67,na,na,na,na,n p ,48,230,343927,p,728,0
test,4,2,IMPLIratings,na,na,This word is:<br><br>negative "press n" ; positive "press p",.jpg,B4,Injury,na,2000,50,120,67,na,na,na,na,n p ,49,254,346888,n,755,0
test,2,2,IMPLIratings,na,na,This word is:<br><br>negative "press n" ; positive "press p",.jpg,B2,Praise,na,2000,50,120,67,na,na,na,na,n p ,50,300,349763,p,669,0
test,6,2,IMPLIratings,na,na,This word is:<br><br>negative "press n" ; positive "press p",.jpg,M6,Lethal,na,2000,50,120,67,na,na,na,na,n p ,51,248,353055,n,1082,0
test,7,2,IMPLIratings,na,na,This word is:<br><br>negative "press n" ; positive "press p",.jpg,B7,Killer,na,2000,50,120,67,na,na,na,na,n p ,52,225,357164,n,1903,0
test,6,2,IMPLIratings,na,na,This word is:<br><br>negative "press n" ; positive "press p",.jpg,B6,Generous,na,2000,50,120,67,na,na,na,na,n p ,53,208,359992,p,619,0
test,8,2,IMPLIratings,na,na,This word is:<br><br>negative "press n" ; positive "press p",.jpg,M8,Suicide,na,2000,50,120,67,na,na,na,na,n p ,54,250,363466,n,1261,0
test,2,2,IMPLIratings,na,na,This word is:<br><br>negative "press n" ; positive "press p",.jpg,M2,Praise,na,2000,50,120,67,na,na,na,na,n p ,55,292,367153,p,1477,0
test,1,2,IMPLIratings,na,na,This word is:<br><br>negative "press n" ; positive "press p",.jpg,M1,Violence,na,2000,50,120,67,na,na,na,na,n p ,56,243,370567,n,1215,0
test,3,2,IMPLIratings,na,na,This word is:<br><br>negative "press n" ; positive "press p",.jpg,M3,Fatal,na,2000,50,120,67,na,na,na,na,n p ,57,277,373361,n,596,0
test,3,2,IMPLIratings,na,na,This word is:<br><br>negative "press n" ; positive "press p",.jpg,B3,Confident,na,2000,50,120,67,na,na,na,na,n p ,58,205,376648,p,1100,0
test,8,2,IMPLIratings,na,na,This word is:<br><br>negative "press n" ; positive "press p",.jpg,B8,Violence,na,2000,50,120,67,na,na,na,na,n p ,59,290,379706,n,878,0
test,6,2,IMPLIratings,na,na,This word is:<br><br>negative "press n" ; positive "press p",.jpg,B6,Fatal,na,2000,50,120,67,na,na,na,na,n p ,60,224,382652,n,740,0
test,3,2,IMPLIratings,na,na,This word is:<br><br>negative "press n" ; positive "press p",.jpg,B3,Pain,na,2000,50,120,67,na,na,na,na,n p ,61,221,385565,n,705,0
test,7,2,IMPLIratings,na,na,This word is:<br><br>negative "press n" ; positive "press p",.jpg,M7,Suicide,na,2000,50,120,67,na,na,na,na,n p ,62,313,388587,n,814,0
test,4,2,IMPLIratings,na,na,This word is:<br><br>negative "press n" ; positive "press p",.jpg,B4,Delight,na,2000,50,120,67,na,na,na,na,n p ,63,302,391284,p,493,0
test,1,2,IMPLIratings,na,na,This word is:<br><br>negative "press n" ; positive "press p",.jpg,B1,Pain,na,2000,50,120,67,na,na,na,na,n p ,64,315,394230,n,733,0
test,1,2,IMPLIratings,na,na,This word is:<br><br>negative "press n" ; positive "press p",.jpg,B1,Suicide,na,2000,50,120,67,na,na,na,na,n p ,65,219,399250,n,2807,0
test,8,2,IMPLIratings,na,na,This word is:<br><br>negative "press n" ; positive "press p",.jpg,M8,Violence,na,2000,50,120,67,na,na,na,na,n p ,66,282,402072,n,619,0
test,7,2,IMPLIratings,na,na,This word is:<br><br>negative "press n" ; positive "press p",.jpg,B7,Suicide,na,2000,50,120,67,na,na,na,na,n p ,67,289,405537,n,1236,0
test,2,2,IMPLIratings,na,na,This word is:<br><br>negative "press n" ; positive "press p",.jpg,M2,Praise,na,2000,50,120,67,na,na,na,na,n p ,68,260,408857,p,1110,0
test,2,2,IMPLIratings,na,na,This word is:<br><br>negative "press n" ; positive "press p",.jpg,M2,Pain,na,2000,50,120,67,na,na,na,na,n p ,69,212,411835,n,769,0
test,3,2,IMPLIratings,na,na,This word is:<br><br>negative "press n" ; positive "press p",.jpg,M3,Praise,na,2000,50,120,67,na,na,na,na,n p ,70,229,415218,p,1157,0
test,3,2,IMPLIratings,na,na,This word is:<br><br>negative "press n" ; positive "press p",.jpg,M3,Pleasure,na,2000,50,120,67,na,na,na,na,n p ,71,293,418385,p,960,0
test,1,2,IMPLIratings,na,na,This word is:<br><br>negative "press n" ; positive "press p",.jpg,B1,Excellent,na,2000,50,120,67,na,na,na,na,n p ,72,203,421594,p,1003,0
test,5,2,IMPLIratings,na,na,This word is:<br><br>negative "press n" ; positive "press p",.jpg,M5,Delight,na,2000,50,120,67,na,na,na,na,n p ,73,199,425169,p,1374,0
test,7,2,IMPLIratings,na,na,This word is:<br><br>negative "press n" ; positive "press p",.jpg,M7,Generous,na,2000,50,120,67,na,na,na,na,n p ,74,233,427996,p,621,0
test,3,2,IMPLIratings,na,na,This word is:<br><br>negative "press n" ; positive "press p",.jpg,B3,Pleasure,na,2000,50,120,67,na,na,na,na,n p ,75,269,430788,p,571,0
test,5,2,IMPLIratings,na,na,This word is:<br><br>negative "press n" ; positive "press p",.jpg,M5,Killer,na,2000,50,120,67,na,na,na,na,n p ,76,247,434003,n,1020,0
test,7,2,IMPLIratings,na,na,This word is:<br><br>negative "press n" ; positive "press p",.jpg,B7,Killer,na,2000,50,120,67,na,na,na,na,n p ,77,257,437997,n,1793,0
test,5,2,IMPLIratings,na,na,This word is:<br><br>negative "press n" ; positive "press p",.jpg,B5,Lethal,na,2000,50,120,67,na,na,na,na,n p ,78,223,441211,n,989,0
test,2,2,IMPLIratings,na,na,This word is:<br><br>negative "press n" ; positive "press p",.jpg,M2,Injury,na,2000,50,120,67,na,na,na,na,n p ,79,308,445449,n,2018,0
test,4,2,IMPLIratings,na,na,This word is:<br><br>negative "press n" ; positive "press p",.jpg,B4,Injury,na,2000,50,120,67,na,na,na,na,n p ,80,222,448969,n,1327,0
test,4,2,IMPLIratings,na,na,This word is:<br><br>negative "press n" ; positive "press p",.jpg,M4,Killer,na,2000,50,120,67,na,na,na,na,n p ,81,310,451915,n,737,0
test,7,2,IMPLIratings,na,na,This word is:<br><br>negative "press n" ; positive "press p",.jpg,M7,Cruelty,na,2000,50,120,67,na,na,na,na,n p ,82,217,456844,n,2722,0
test,8,2,IMPLIratings,na,na,This word is:<br><br>negative "press n" ; positive "press p",.jpg,B8,Pleasure,na,2000,50,120,67,na,na,na,na,n p ,83,210,459993,p,949,0
test,8,2,IMPLIratings,na,na,This word is:<br><br>negative "press n" ; positive "press p",.jpg,B8,Pleasure,na,2000,50,120,67,na,na,na,na,n p ,84,242,463077,p,887,0
test,8,2,IMPLIratings,na,na,This word is:<br><br>negative "press n" ; positive "press p",.jpg,M8,Confident,na,2000,50,120,67,na,na,na,na,n p ,85,298,466235,p,947,0
test,2,2,IMPLIratings,na,na,This word is:<br><br>negative "press n" ; positive "press p",.jpg,B2,Injury,na,2000,50,120,67,na,na,na,na,n p ,86,316,470834,n,2384,0
test,4,2,IMPLIratings,na,na,This word is:<br><br>negative "press n" ; positive "press p",.jpg,B4,Delight,na,2000,50,120,67,na,na,na,na,n p ,87,270,474202,p,1172,0
test,1,2,IMPLIratings,na,na,This word is:<br><br>negative "press n" ; positive "press p",.jpg,M1,Confident,na,2000,50,120,67,na,na,na,na,n p ,88,227,478218,p,1803,0
test,7,2,IMPLIratings,na,na,This word is:<br><br>negative "press n" ; positive "press p",.jpg,B7,Suicide,na,2000,50,120,67,na,na,na,na,n p ,89,321,481201,n,776,0
test,3,2,IMPLIratings,na,na,This word is:<br><br>negative "press n" ; positive "press p",.jpg,B3,Fatal,na,2000,50,120,67,na,na,na,na,n p ,90,285,484921,n,1509,0
test,5,2,IMPLIratings,na,na,This word is:<br><br>negative "press n" ; positive "press p",.jpg,M5,Cheerful,na,2000,50,120,67,na,na,na,na,n p ,91,263,488161,p,1028,0
test,4,2,IMPLIratings,na,na,This word is:<br><br>negative "press n" ; positive "press p",.jpg,M4,Pleasure,na,2000,50,120,67,na,na,na,na,n p ,92,198,491115,p,744,0
test,5,2,IMPLIratings,na,na,This word is:<br><br>negative "press n" ; positive "press p",.jpg,B5,Lethal,na,2000,50,120,67,na,na,na,na,n p ,93,319,495353,n,2033,0
test,5,2,IMPLIratings,na,na,This word is:<br><br>negative "press n" ; positive "press p",.jpg,M5,Lethal,na,2000,50,120,67,na,na,na,na,n p ,94,279,498208,n,656,0
test,7,2,IMPLIratings,na,na,This word is:<br><br>negative "press n" ; positive "press p",.jpg,M7,Generous,na,2000,50,120,67,na,na,na,na,n p ,95,201,501322,p,920,0
test,1,2,IMPLIratings,na,na,This word is:<br><br>negative "press n" ; positive "press p",.jpg,B1,Pain,na,2000,50,120,67,na,na,na,na,n p ,96,283,504449,n,935,0
test,3,2,IMPLIratings,na,na,This word is:<br><br>negative "press n" ; positive "press p",.jpg,M3,Injury,na,2000,50,120,67,na,na,na,na,n p ,97,245,507560,n,906,0
test,8,2,IMPLIratings,na,na,This word is:<br><br>negative "press n" ; positive "press p",.jpg,B8,Confident,na,2000,50,120,67,na,na,na,na,n p ,98,274,510448,p,686,0
test,5,2,IMPLIratings,na,na,This word is:<br><br>negative "press n" ; positive "press p",.jpg,M5,Killer,na,2000,50,120,67,na,na,na,na,n p ,99,215,513634,n,990,0
test,6,2,IMPLIratings,na,na,This word is:<br><br>negative "press n" ; positive "press p",.jpg,M6,Cheerful,na,2000,50,120,67,na,na,na,na,n p ,100,200,517265,p,1435,0
test,6,2,IMPLIratings,na,na,This word is:<br><br>negative "press n" ; positive "press p",.jpg,M6,Cheerful,na,2000,50,120,67,na,na,na,na,n p ,101,232,520041,p,562,0
test,1,2,IMPLIratings,na,na,This word is:<br><br>negative "press n" ; positive "press p",.jpg,M1,Pain,na,2000,50,120,67,na,na,na,na,n p ,102,275,523456,n,1218,0
test,5,2,IMPLIratings,na,na,This word is:<br><br>negative "press n" ; positive "press p",.jpg,B5,Smiling,na,2000,50,120,67,na,na,na,na,n p ,103,239,526195,p,546,0
test,6,2,IMPLIratings,na,na,This word is:<br><br>negative "press n" ; positive "press p",.jpg,M6,Generous,na,2000,50,120,67,na,na,na,na,n p ,104,296,530546,p,2145,0
test,5,2,IMPLIratings,na,na,This word is:<br><br>negative "press n" ; positive "press p",.jpg,B5,Lethal,na,2000,50,120,67,na,na,na,na,n p ,105,287,533313,n,562,0
test,3,2,IMPLIratings,na,na,This word is:<br><br>negative "press n" ; positive "press p",.jpg,M3,Praise,na,2000,50,120,67,na,na,na,na,n p ,106,197,536127,p,607,0
test,5,2,IMPLIratings,na,na,This word is:<br><br>negative "press n" ; positive "press p",.jpg,B5,Cheerful,na,2000,50,120,67,na,na,na,na,n p ,107,271,538844,p,532,0
test,5,2,IMPLIratings,na,na,This word is:<br><br>negative "press n" ; positive "press p",.jpg,M5,Lethal,na,2000,50,120,67,na,na,na,na,n p ,108,311,541688,n,643,0
test,4,2,IMPLIratings,na,na,This word is:<br><br>negative "press n" ; positive "press p",.jpg,B4,Killer,na,2000,50,120,67,na,na,na,na,n p ,109,318,545777,n,1883,0
test,6,2,IMPLIratings,na,na,This word is:<br><br>negative "press n" ; positive "press p",.jpg,M6,Cruelty,na,2000,50,120,67,na,na,na,na,n p ,110,312,550249,n,2275,0
test,5,2,IMPLIratings,na,na,This word is:<br><br>negative "press n" ; positive "press p",.jpg,M5,Cheerful,na,2000,50,120,67,na,na,na,na,n p ,111,295,553738,p,1283,0
test,4,2,IMPLIratings,na,na,This word is:<br><br>negative "press n" ; positive "press p",.jpg,B4,Delight,na,2000,50,120,67,na,na,na,na,n p ,112,206,556894,p,967,0
test,7,2,IMPLIratings,na,na,This word is:<br><br>negative "press n" ; positive "press p",.jpg,M7,Cruelty,na,2000,50,120,67,na,na,na,na,n p ,113,249,563681,n,4575,0
test,1,2,IMPLIratings,na,na,This word is:<br><br>negative "press n" ; positive "press p",.jpg,B1,Excellent,na,2000,50,120,67,na,na,na,na,n p ,114,299,566922,p,1029,0
test,7,2,IMPLIratings,na,na,This word is:<br><br>negative "press n" ; positive "press p",.jpg,M7,Suicide,na,2000,50,120,67,na,na,na,na,n p ,115,281,571088,n,1976,0
test,8,2,IMPLIratings,na,na,This word is:<br><br>negative "press n" ; positive "press p",.jpg,B8,Confident,na,2000,50,120,67,na,na,na,na,n p ,116,306,576019,p,2707,0
test,7,2,IMPLIratings,na,na,This word is:<br><br>negative "press n" ; positive "press p",.jpg,B7,Smiling,na,2000,50,120,67,na,na,na,na,n p ,117,273,580449,p,2228,0
test,2,2,IMPLIratings,na,na,This word is:<br><br>negative "press n" ; positive "press p",.jpg,B2,Cruelty,na,2000,50,120,67,na,na,na,na,n p ,118,220,584938,n,2295,0
test,5,2,IMPLIratings,na,na,This word is:<br><br>negative "press n" ; positive "press p",.jpg,B5,Lethal,na,2000,50,120,67,na,na,na,na,n p ,119,255,587841,n,680,0
test,3,2,IMPLIratings,na,na,This word is:<br><br>negative "press n" ; positive "press p",.jpg,M3,Fatal,na,2000,50,120,67,na,na,na,na,n p ,120,309,591073,n,1033,0
test,7,2,IMPLIratings,na,na,This word is:<br><br>negative "press n" ; positive "press p",.jpg,B7,Cheerful,na,2000,50,120,67,na,na,na,na,n p ,121,241,594801,p,1511,0
test,4,2,IMPLIratings,na,na,This word is:<br><br>negative "press n" ; positive "press p",.jpg,M4,Delight,na,2000,50,120,67,na,na,na,na,n p ,122,294,598562,p,1546,0
test,8,2,IMPLIratings,na,na,This word is:<br><br>negative "press n" ; positive "press p",.jpg,M8,Suicide,na,2000,50,120,67,na,na,na,na,n p ,123,218,601545,n,782,0
test,6,2,IMPLIratings,na,na,This word is:<br><br>negative "press n" ; positive "press p",.jpg,M6,Generous,na,2000,50,120,67,na,na,na,na,n p ,124,264,604473,n,727,0
test,3,2,IMPLIratings,na,na,This word is:<br><br>negative "press n" ; positive "press p",.jpg,B3,Confident,na,2000,50,120,67,na,na,na,na,n p ,125,237,607296,p,617,0
test,2,2,IMPLIratings,na,na,This word is:<br><br>negative "press n" ; positive "press p",.jpg,M2,Excellent,na,2000,50,120,67,na,na,na,na,n p ,126,228,610227,p,730,0
test,8,2,IMPLIratings,na,na,This word is:<br><br>negative "press n" ; positive "press p",.jpg,M8,Smiling,na,2000,50,120,67,na,na,na,na,n p ,127,234,614234,p,1809,0
test,4,2,IMPLIratings,na,na,This word is:<br><br>negative "press n" ; positive "press p",.jpg,B4,Killer,na,2000,50,120,67,na,na,na,na,n p ,128,286,618266,n,1822,0
test,3,2,IMPLIratings,na,na,This word is:<br><br>negative "press n" ; positive "press p",.jpg,M3,Injury,na,2000,50,120,67,na,na,na,na,n p ,129,213,623754,n,3284,0
test,8,2,IMPLIratings,na,na,This word is:<br><br>negative "press n" ; positive "press p",.jpg,B8,Violence,na,2000,50,120,67,na,na,na,na,n p ,130,258,627377,n,1428,0
test,4,2,IMPLIratings,na,na,This word is:<br><br>negative "press n" ; positive "press p",.jpg,M4,Fatal,na,2000,50,120,67,na,na,na,na,n p ,131,214,632512,n,2930,0
test,2,2,IMPLIratings,na,na,This word is:<br><br>negative "press n" ; positive "press p",.jpg,B2,Cruelty,na,2000,50,120,67,na,na,na,na,n p ,132,252,635338,p,624,0
test,4,2,IMPLIratings,na,na,This word is:<br><br>negative "press n" ; positive "press p",.jpg,M4,Killer,na,2000,50,120,67,na,na,na,na,n p ,133,278,638426,n,880,0
test,6,2,IMPLIratings,na,na,This word is:<br><br>negative "press n" ; positive "press p",.jpg,B6,Cruelty,na,2000,50,120,67,na,na,na,na,n p ,134,320,641403,n,776,0
test,2,2,IMPLIratings,na,na,This word is:<br><br>negative "press n" ; positive "press p",.jpg,B2,Injury,na,2000,50,120,67,na,na,na,na,n p ,135,284,644185,n,578,0
test,5,2,IMPLIratings,na,na,This word is:<br><br>negative "press n" ; positive "press p",.jpg,M5,Delight,na,2000,50,120,67,na,na,na,na,n p ,136,231,648169,p,1794,0
test,4,2,IMPLIratings,na,na,This word is:<br><br>negative "press n" ; positive "press p",.jpg,M4,Delight,na,2000,50,120,67,na,na,na,na,n p ,137,262,651330,p,972,0
test,2,2,IMPLIratings,na,na,This word is:<br><br>negative "press n" ; positive "press p",.jpg,M2,Excellent,na,2000,50,120,67,na,na,na,na,n p ,138,196,654681,p,1145,0
test,7,2,IMPLIratings,na,na,This word is:<br><br>negative "press n" ; positive "press p",.jpg,B7,Cheerful,na,2000,50,120,67,na,na,na,na,n p ,139,209,657659,p,772,0
test,1,2,IMPLIratings,na,na,This word is:<br><br>negative "press n" ; positive "press p",.jpg,M1,Excellent,na,2000,50,120,67,na,na,na,na,n p ,140,291,660737,p,857,0
test,8,2,IMPLIratings,na,na,This word is:<br><br>negative "press n" ; positive "press p",.jpg,B8,Violence,na,2000,50,120,67,na,na,na,na,n p ,141,322,666209,n,3272,0
test,1,2,IMPLIratings,na,na,This word is:<br><br>negative "press n" ; positive "press p",.jpg,B1,Suicide,na,2000,50,120,67,na,na,na,na,n p ,142,251,670858,n,2463,0
test,8,2,IMPLIratings,na,na,This word is:<br><br>negative "press n" ; positive "press p",.jpg,M8,Confident,na,2000,50,120,67,na,na,na,na,n p ,143,266,673970,p,911,0
test,1,2,IMPLIratings,na,na,This word is:<br><br>negative "press n" ; positive "press p",.jpg,M1,Excellent,na,2000,50,120,67,na,na,na,na,n p ,144,259,677522,p,1346,0
test,5,2,IMPLIratings,na,na,This word is:<br><br>negative "press n" ; positive "press p",.jpg,B5,Cheerful,na,2000,50,120,67,na,na,na,na,n p ,145,303,680205,p,478,0
test,4,2,IMPLIratings,na,na,This word is:<br><br>negative "press n" ; positive "press p",.jpg,B4,Delight,na,2000,50,120,67,na,na,na,na,n p ,146,238,682873,p,450,0
test,7,2,IMPLIratings,na,na,This word is:<br><br>negative "press n" ; positive "press p",.jpg,B7,Smiling,na,2000,50,120,67,na,na,na,na,n p ,147,305,685929,p,856,0
test,7,2,IMPLIratings,na,na,This word is:<br><br>negative "press n" ; positive "press p",.jpg,M7,Smiling,na,2000,50,120,67,na,na,na,na,n p ,148,297,688792,p,656,0
test,2,2,IMPLIratings,na,na,This word is:<br><br>negative "press n" ; positive "press p",.jpg,B2,Praise,na,2000,50,120,67,na,na,na,na,n p ,149,236,691497,p,515,0
test,6,2,IMPLIratings,na,na,This word is:<br><br>negative "press n" ; positive "press p",.jpg,B6,Cruelty,na,2000,50,120,67,na,na,na,na,n p ,150,288,694408,n,710,0
test,8,2,IMPLIratings,na,na,This word is:<br><br>negative "press n" ; positive "press p",.jpg,B8,Violence,na,2000,50,120,67,na,na,na,na,n p ,151,226,697713,n,1109,0
test,8,2,IMPLIratings,na,na,This word is:<br><br>negative "press n" ; positive "press p",.jpg,M8,Smiling,na,2000,50,120,67,na,na,na,na,n p ,152,202,702168,p,2255,0
test,6,2,IMPLIratings,na,na,This word is:<br><br>negative "press n" ; positive "press p",.jpg,B6,Generous,na,2000,50,120,67,na,na,na,na,n p ,153,304,704932,p,555,0
test,4,2,IMPLIratings,na,na,This word is:<br><br>negative "press n" ; positive "press p",.jpg,M4,Fatal,na,2000,50,120,67,na,na,na,na,n p ,154,246,707834,n,705,0
test,3,2,IMPLIratings,na,na,This word is:<br><br>negative "press n" ; positive "press p",.jpg,B3,Pain,na,2000,50,120,67,na,na,na,na,n p ,155,253,711065,n,1022,0
test,2,2,IMPLIratings,na,na,This word is:<br><br>negative "press n" ; positive "press p",.jpg,B2,Praise,na,2000,50,120,67,na,na,na,na,n p ,156,268,714290,p,1012,0
test,1,2,IMPLIratings,na,na,This word is:<br><br>negative "press n" ; positive "press p",.jpg,B1,Excellent,na,2000,50,120,67,na,na,na,na,n p ,157,267,717017,p,531,0
test,1,2,IMPLIratings,na,na,This word is:<br><br>negative "press n" ; positive "press p",.jpg,M1,Violence,na,2000,50,120,67,na,na,na,na,n p ,158,211,720120,n,919,0
test,1,2,IMPLIratings,na,na,This word is:<br><br>negative "press n" ; positive "press p",.jpg,B1,Excellent,na,2000,50,120,67,na,na,na,na,n p ,159,235,723508,p,1190,0
test,3,2,IMPLIratings,na,na,This word is:<br><br>negative "press n" ; positive "press p",.jpg,B3,Pleasure,na,2000,50,120,67,na,na,na,na,n p ,160,301,726290,p,575,0
test,5,2,IMPLIratings,na,na,This word is:<br><br>negative "press n" ; positive "press p",.jpg,B5,Smiling,na,2000,50,120,67,na,na,na,na,n p ,161,207,729047,p,534,0
test,6,2,IMPLIratings,na,na,This word is:<br><br>negative "press n" ; positive "press p",.jpg,M6,Lethal,na,2000,50,120,67,na,na,na,na,n p ,162,216,732463,n,1212,0
test,3,2,IMPLIratings,na,na,This word is:<br><br>negative "press n" ; positive "press p",.jpg,B3,Fatal,na,2000,50,120,67,na,na,na,na,n p ,163,317,735267,n,605,0
test,1,2,IMPLIratings,na,na,This word is:<br><br>negative "press n" ; positive "press p",.jpg,M1,Confident,na,2000,50,120,67,na,na,na,na,n p ,164,195,738415,p,951,0
test,1,2,IMPLIratings,na,na,This word is:<br><br>negative "press n" ; positive "press p",.jpg,M1,Pain,na,2000,50,120,67,na,na,na,na,n p ,165,307,742969,n,2332,0
test,6,2,IMPLIratings,na,na,This word is:<br><br>negative "press n" ; positive "press p",.jpg,B6,Generous,na,2000,50,120,67,na,na,na,na,n p ,166,272,748458,p,3289,0
test,6,2,IMPLIratings,na,na,This word is:<br><br>negative "press n" ; positive "press p",.jpg,M6,Cruelty,na,2000,50,120,67,na,na,na,na,n p ,167,280,751273,n,601,0
test,2,2,IMPLIratings,na,na,This word is:<br><br>negative "press n" ; positive "press p",.jpg,B2,Praise,na,2000,50,120,67,na,na,na,na,n p ,168,204,754321,p,838,0
test,3,2,IMPLIratings,na,na,This word is:<br><br>negative "press n" ; positive "press p",.jpg,M3,Pleasure,na,2000,50,120,67,na,na,na,na,n p ,169,261,757730,p,1215,0
test,6,2,IMPLIratings,na,na,This word is:<br><br>negative "press n" ; positive "press p",.jpg,B6,Fatal,na,2000,50,120,67,na,na,na,na,n p ,170,256,760526,n,591,0
test,10,0,RWA10R,na,na,People ought to put less attention to the Bible and religion instead they ought to develop their own moral standards.<br><br>Very negative 1 - 2 - 3 - 4 - 5 - 6 - 7 Very positive,word,na,na,na,0,na,na,61,na,na,na,na,1 2 3 4 5 6 7,171,636,818618,5,5968,0
test,8,0,RWA8R,na,na,Many good people challenge the state criticize the church and ignore the normal way of living.<br><br>Very negative 1 - 2 - 3 - 4 - 5 - 6 - 7 Very positive,word,na,na,na,0,na,na,61,na,na,na,na,1 2 3 4 5 6 7,172,634,823484,3,4855,0
test,9,0,RWA9,na,na,Our forefathers ought to be honored more for the way they have built our society at the same time we ought to put an end to those forces destroying it.<br><br>Very negative 1 - 2 - 3 - 4 - 5 - 6 - 7 Very positive,word,na,na,na,0,na,na,61,na,na,na,na,1 2 3 4 5 6 7,173,635,829960,4,6463,0
test,12,0,RWA12R,na,na,It is better to accept bad literature than to censor it.<br><br>Very negative 1 - 2 - 3 - 4 - 5 - 6 - 7 Very positive,word,na,na,na,0,na,na,61,na,na,na,na,1 2 3 4 5 6 7,174,638,832938,6,2948,0
test,3,0,RWA3,na,na,The old-fashioned ways and old-fashioned values still show the best way to live.<br><br>Very negative 1 - 2 - 3 - 4 - 5 - 6 - 7 Very positive,word,na,na,na,0,na,na,61,na,na,na,na,1 2 3 4 5 6 7,175,629,837625,4,4673,0
test,15,0,RWA15,na,na,If the society so wants it is the duty of every true citizen to help eliminate the evil that poisons our country from within.<br><br>Very negative 1 - 2 - 3 - 4 - 5 - 6 - 7 Very positive,word,na,na,na,0,na,na,61,na,na,na,na,1 2 3 4 5 6 7,176,641,846345,5,8690,0
test,13,0,RWA13,na,na,Facts show that we have to be harder against crime and sexual immorality in order to uphold law and order.<br><br>Very negative 1 - 2 - 3 - 4 - 5 - 6 - 7 Very positive,word,na,na,na,0,na,na,61,na,na,na,na,1 2 3 4 5 6 7,177,639,850153,4,3785,0
test,5,0,RWA5,na,na,Gods laws about abortion pornography and marriage must be strictly followed before it is too late. Violations must be punished.<br><br>Very negative 1 - 2 - 3 - 4 - 5 - 6 - 7 Very positive,word,na,na,na,0,na,na,61,na,na,na,na,1 2 3 4 5 6 7,178,631,853561,1,3380,0
test,11,0,RWA11,na,na,There are many radical immoral people trying to ruin things the society ought to stop them.<br><br>Very negative 1 - 2 - 3 - 4 - 5 - 6 - 7 Very positive,word,na,na,na,0,na,na,61,na,na,na,na,1 2 3 4 5 6 7,179,637,857062,4,3473,0
test,14,0,RWA14R,na,na,The situation in the society of today would be improved if troublemakers were treated with reason and humanity.<br><br>Very negative 1 - 2 - 3 - 4 - 5 - 6 - 7 Very positive,word,na,na,na,0,na,na,61,na,na,na,na,1 2 3 4 5 6 7,180,640,860258,5,3166,0
test,4,0,RWA4R,na,na,Our society would be better off if we showed tolerance and understanding for untraditional values and opinions.<br><br>Very negative 1 - 2 - 3 - 4 - 5 - 6 - 7 Very positive,word,na,na,na,0,na,na,61,na,na,na,na,1 2 3 4 5 6 7 ,181,630,864161,6,3874,0
test,6,0,RWA6R,na,na,The society needs to show openness towards people thinking differently rather than a strong leader the world is not particularly evil or dangerous.<br><br>Very negative 1 - 2 - 3 - 4 - 5 - 6 - 7 Very positive,word,na,na,na,0,na,na,61,na,na,na,na,1 2 3 4 5 6 7,182,632,869593,6,5401,0
test,2,0,RWA2R,na,na,Our country needs free thinkers who will have the courage to stand up against traditional ways even if this upsets many people.<br><br>Very negative 1 - 2 - 3 - 4 - 5 - 6 - 7 Very positive,word,na,na,na,0,na,na,61,na,na,na,na,1 2 3 4 5 6 7,183,628,871848,6,2229,0
test,7,0,RWA7,na,na,It would be best if newspapers were censored so that people would not be able to get hold of destructive and disgusting material.<br><br>Very negative 1 - 2 - 3 - 4 - 5 - 6 - 7 Very positive,word,na,na,na,0,na,na,61,na,na,na,na,1 2 3 4 5 6 7,184,633,877793,2,5921,0
test,1,0,RWA1,na,na,Our country needs a powerful leader in order to destroy the radical and immoral currents prevailing in society today.<br><br>Very negative 1 - 2 - 3 - 4 - 5 - 6 - 7 Very positive,word,na,na,na,0,na,na,61,na,na,na,na,1 2 3 4 5 6 7,185,627,882035,4,4215,0
test,8,0,NFC8,na,na,When I am confronted with a problem I am dying to reach a solution very quickly.<br><br>Completely disagree 1 - 2 - 3 - 4 - 5 - 6  Completely agree,word,na,na,na,0,na,na,62,na,na,na,na,1 2 3 4 5 6,186,649,884338,4,2289,0
test,10,0,NFC10,na,na,I dont like to be with people who are capable of unexpected actions.<br><br>Completely disagree 1 - 2 - 3 - 4 - 5 - 6  Completely agree,word,na,na,na,0,na,na,62,na,na,na,na,1 2 3 4 5 6,187,651,886545,2,2195,0
test,1,0,NFC1,na,na,I don t like situations that are uncertain.<br><br>Completely disagree 1 - 2 - 3 - 4 - 5 - 6  Completely agree,word,na,na,na,0,na,na,62,na,na,na,na,1 2 3 4 5 6,188,642,888489,4,1936,0
test,5,0,NFC5,na,na,I feel irritated when one person disagrees with what everyone else in a group believes.<br><br>Completely disagree 1 - 2 - 3 - 4 - 5 - 6  Completely agree,word,na,na,na,0,na,na,62,na,na,na,na,1 2 3 4 5 6,189,646,891401,4,2904,0
test,6,0,NFC6,na,na,I dont like to go into a situation without knowing what I can expect from it.<br><br>Completely disagree 1 - 2 - 3 - 4 - 5 - 6  Completely agree,word,na,na,na,0,na,na,62,na,na,na,na,1 2 3 4 5 6,190,647,893119,5,1706,0
test,9,0,NFC9,na,na,I would quickly become impatient and irritated if I would not find a solution to a problem immediately.<br><br>Completely disagree 1 - 2 - 3 - 4 - 5 - 6  Completely agree,word,na,na,na,0,na,na,62,na,na,na,na,1 2 3 4 5 6,191,650,895417,3,2277,0
test,3,0,NFC3,na,na,I find that a well ordered life with regular hours suits my temperament.<br><br>Completely disagree 1 - 2 - 3 - 4 - 5 - 6  Completely agree,word,na,na,na,0,na,na,62,na,na,na,na,1 2 3 4 5 6,192,644,897375,5,1940,0
test,4,0,NFC4,na,na,I feel uncomfortable when I dont understand the reason why an event occurred in my life.<br><br>Completely disagree 1 - 2 - 3 - 4 - 5 - 6  Completely agree,word,na,na,na,0,na,na,62,na,na,na,na,1 2 3 4 5 6,193,645,898907,4,1511,0
test,14,0,NFC14,na,na,I do not usually consult many different opinions before forming my own view.<br><br>Completely disagree 1 - 2 - 3 - 4 - 5 - 6  Completely agree,word,na,na,na,0,na,na,62,na,na,na,na,1 2 3 4 5 6,194,655,900994,3,2066,0
test,11,0,NFC11,na,na,I dislike it when a persons statement could mean many different things.<br><br>Completely disagree 1 - 2 - 3 - 4 - 5 - 6  Completely agree,word,na,na,na,0,na,na,62,na,na,na,na,1 2 3 4 5 6,195,652,903178,5,2170,0
test,13,0,NFC13,na,na,I enjoy having a clear and structured mode of life.<br><br>Completely disagree 1 - 2 - 3 - 4 - 5 - 6  Completely agree,word,na,na,na,0,na,na,62,na,na,na,na,1 2 3 4 5 6,196,654,905010,4,1821,0
test,15,0,NFC15,na,na,I dislike unpredictable situations.<br><br>Completely disagree 1 - 2 - 3 - 4 - 5 - 6  Completely agree,word,na,na,na,0,na,na,62,na,na,na,na,1 2 3 4 5 6,197,656,906504,4,1481,0
test,7,0,NFC7,na,na,When I have made a decision I feel relieved.<br><br>Completely disagree 1 - 2 - 3 - 4 - 5 - 6  Completely agree,word,na,na,na,0,na,na,62,na,na,na,na,1 2 3 4 5 6,198,648,907880,5,1367,0
test,12,0,NFC12,na,na,I find that establishing a consistent routine enables me to enjoy life more.<br><br>Completely disagree 1 - 2 - 3 - 4 - 5 - 6  Completely agree,word,na,na,na,0,na,na,62,na,na,na,na,1 2 3 4 5 6,199,653,909305,4,1416,0
test,2,0,NFC2,na,na,I dislike questions which could be answered in many different ways.<br><br>Completely disagree 1 - 2 - 3 - 4 - 5 - 6  Completely agree,word,na,na,na,0,na,na,62,na,na,na,na,1 2 3 4 5 6,200,643,913941,6,4624,0
